Time,BlockedArrivalTime,BufferUtilizationMean,CraneManipulations,CraneUtilizationMean,DeliveredBlocks,HandoverUtilizationMean,LeadTimeMean,ServiceLevelMean,TardinessMean,TotalBlocksOnTime,UpstreamUtilizationMean
0,0.0,0.3333333333333333,0,0.0,0,0.0,0.0,0.0,0.0,13,0.0
1000,0.0,0.3333333333333333,0,0.0,0,0.0,0.0,0.0,0.0,13,1.0
2000,0.0,0.3333333333333333,0,0.0,0,0.0,0.0,0.0,0.0,13,1.0
3000,0.0,0.3333333333333333,0,0.0,0,0.0,0.0,0.0,0.0,13,1.0
4000,0.0,0.3333333333333333,0,0.0,0,0.0,0.0,0.0,0.0,13,1.0
5000,0.0,0.3333333333333333,0,0.0,0,0.0,0.0,0.0,0.0,13,1.0
6000,0.0,0.3333333333333333,0,0.0,0,0.0,0.0,0.0,0.0,13,1.0
7000,0.0,0.3333333333333333,0,0.0,0,0.0,0.0,0.0,0.0,14,1.0
8000,0.0,0.3333333333333333,0,0.0,0,0.0,0.0,0.0,0.0,14,1.0
9000,0.0,0.3333333333333333,0,0.0,0,0.0,0.0,0.0,0.0,14,1.0
10000,0.0,0.3333333333333333,0,0.0,0,0.0,0.0,0.0,0.0,14,1.0
11000,0.0,0.3333333333333333,0,0.9899561033664646,0,0.0,0.0,0.0,0.0,14,1.0
12000,0.0,0.3333333333333333,0,0.9007825818914957,0,0.0,0.0,0.0,0.0,14,1.0
13000,0.0,0.3333333333333333,0,0.8263467096278813,0,0.0,0.0,0.0,0.0,14,1.0
14000,0.0,0.3333333333333333,0,0.7632738279968536,0,0.0,0.0,0.0,0.0,14,1.0
15000,0.0,0.3333333333333333,0,0.7091465293872451,0,0.0,0.0,0.0,0.0,15,1.0
16000,0.0,0.3333333333333333,0,0.6621877172389582,0,0.0,0.0,0.0,0.0,15,1.0
17000,0.0,0.3333333333333333,0,0.6210617696857019,0,0.0,0.0,0.0,0.0,15,1.0
18000,0.0,0.3333333333333333,0,0.5847454643925682,0,0.0,0.0,0.0,0.0,15,1.0
19000,0.0,0.3333333333333333,0,0.5524416872939186,0,0.0,0.0,0.0,0.0,15,1.0
20000,0.0,0.3333333333333333,0,0.5235202464649558,0,0.0,0.0,0.0,0.0,15,1.0
21000,0.0,0.3333333333333333,0,0.4974763522128594,0,0.0,0.0,0.0,0.0,15,1.0
22000,0.0,0.3333333333333333,0,0.4739009029613025,0,0.0,0.0,0.0,0.0,15,1.0
23000,0.0,0.3333333333333333,0,0.4524588377834621,0,0.0,0.0,0.0,0.0,15,1.0
24000,0.9123860999999991,0.3333333333333333,0,0.4328731112988626,0,0.0,0.0,0.0,0.0,15,0.9619839125
25000,1.912386099999999,0.3333333333333333,0,0.4149126579811063,0,0.0,0.0,0.0,0.0,15,0.923504556
26000,2.9123861,0.3333333333333333,0,0.398383233356405,0,0.0,0.0,0.0,0.0,15,0.88798515
27000,3.9123860999999995,0.3333333333333333,0,0.3831203605561038,0,0.0,0.0,0.0,0.0,15,0.8550968111111111
28000,4.912386099999998,0.3333333333333333,0,0.36898383843407984,0,0.0,0.0,0.0,0.0,15,0.8245576392857143
29000,5.912386099999997,0.3333333333333333,0,0.3558534222672717,0,0.0,0.0,0.0,0.0,15,0.7961246172413794
30000,6.912386099999996,0.3333333333333333,0,0.3436253949888009,0,0.0,0.0,0.0,0.0,15,0.7695871300000001
31000,7.912386099999996,0.3333333333333333,0,0.3322098218631137,0,0.0,0.0,0.0,0.0,15,0.7447617387096775
32000,8.912386099999996,0.3333333333333333,0,0.32152833478096104,0,0.0,0.0,0.0,0.0,15,0.7214879343750001
33000,9.912386099999996,0.3333333333333333,0,0.31151233068603923,0,0.0,0.0,0.0,0.0,15,0.6996246636363638
34000,10.912386099999997,0.3333333333333333,0,0.30210149655643564,0,0.0,0.0,0.0,0.0,15,0.6790474676470589
35000,11.912386099999996,0.3333333333333333,0,0.2932425939090346,0,0.0,0.0,0.0,0.0,15,0.6596461114285715
36000,12.912386099999996,0.3333333333333333,0,0.28488845107231725,0,0.0,0.0,0.0,0.0,15,0.6413226083333334
37000,13.912386099999996,0.3333333333333333,0,0.2769971229416828,0,0.0,0.0,0.0,0.0,15,0.623989564864865
38000,14.912386099999996,0.3333333333333333,0,0.26953118661805686,0,0.0,0.0,0.0,0.0,15,0.6075687868421054
39000,15.912386099999997,0.3333333333333333,0,0.26245714796530883,0,0.0,0.0,0.0,0.0,15,0.5919901000000001
40000,16.912386099999996,0.3333333333333333,0,0.2557449392296318,0,0.0,0.0,0.0,0.0,15,0.5771903475000001
41000,17.912386099999996,0.3333333333333333,0,0.24936749182535958,0,0.0,0.0,0.0,0.0,15,0.5631125341463415
42000,18.912386099999996,0.3333333333333333,0,0.2433003714856052,0,0.0,0.0,0.0,0.0,15,0.549705092857143
43000,19.912386099999996,0.3333333333333333,0,0.23752146540863264,0,0.0,0.0,0.0,0.0,15,0.5369212534883722
44000,20.9123861,0.3333333333333333,0,0.2320107129554643,0,0.0,0.0,0.0,0.0,15,0.5247184977272727
45000,21.912386100000003,0.3333333333333333,0,0.22674987298605867,0,0.0,0.0,0.0,0.0,15,0.5130580866666666
46000,22.912386100000003,0.3333333333333333,0,0.22172232214754567,0,0.0,0.0,0.0,0.0,15,0.50190465
47000,23.9123861,0.3333333333333333,0,0.2169128794147899,0,0.0,0.0,0.0,0.0,15,0.4912258276595744
48000,24.912386100000006,0.3333333333333333,0,0.21230765298178245,0,0.0,0.0,0.0,0.0,15,0.4809919562499999
49000,25.912386100000006,0.3333333333333333,0,0.20789390625124088,0,0.0,0.0,0.0,0.0,15,0.47117579387755093
50000,26.912386100000006,0.3333333333333333,0,0.2036599401997391,0,0.0,0.0,0.0,0.0,15,0.4617522779999999
51000,27.912386100000006,0.3333333333333333,0,0.1995949898304357,0,0.0,0.0,0.0,0.0,15,0.45269831176470576
52000,28.912386100000006,0.3333333333333333,0,0.1956891327836478,0,0.0,0.0,0.0,0.0,15,0.4439925749999999
53000,29.912386100000006,0.3333333333333333,0,0.19193320847182435,0,0.0,0.0,0.0,0.0,15,0.4356153566037735
54000,30.91238610000001,0.3333333333333333,0,0.1883187463515597,0,0.0,0.0,0.0,0.0,15,0.42754840555555546
55000,31.912386100000006,0.3333333333333333,0,0.18483790215043744,0,0.0,0.0,0.0,0.0,15,0.41977479818181807
56000,32.912386100000006,0.3333333333333333,0,0.18148340103813587,0,0.0,0.0,0.0,0.0,15,0.412278819642857
57000,33.912386100000006,0.3333333333333333,0,0.17824848687533218,0,0.0,0.0,0.0,0.0,15,0.4050458578947367
58000,34.91238610000001,0.3333333333333333,0,0.17512687679533506,0,0.0,0.0,0.0,0.0,15,0.3980623086206895
59000,35.91238610000001,0.3333333333333333,0,0.17211272047596465,0,0.0,0.0,0.0,0.0,15,0.3913154898305083
60000,36.912386100000006,0.3333333333333333,0,0.16920056354616497,0,0.0,0.0,0.0,0.0,15,0.38479356499999984
61000,37.912386100000006,0.3333333333333333,0,0.16638531464577783,0,0.0,0.0,0.0,0.0,15,0.37848547377049163
62000,38.91238610000001,0.3333333333333333,0,0.1636622157199588,0,0.0,0.0,0.0,0.0,15,0.37238086935483855
63000,39.91238610000001,0.3333333333333333,0,0.16102681518363066,0,0.0,0.0,0.0,0.0,15,0.3664700619047617
64000,40.912386100000006,0.3333333333333333,0,0.15847494363759396,0,0.0,0.0,0.0,0.0,15,0.36074396718749985
65000,41.912386100000006,0.3333333333333333,0,0.15600269185764856,0,0.0,0.0,0.0,0.0,15,0.35519405999999987
66000,42.91238610000001,0.3333333333333333,0,0.15360639081232255,0,0.0,0.0,0.0,0.0,15,0.34981233181818167
67000,43.91238610000001,0.3333333333333333,0,0.15128259349438256,0,0.0,0.0,0.0,0.0,15,0.3445912522388058
68000,44.912386100000006,0.3333333333333333,0,0.14902805837691338,0,0.0,0.0,0.0,0.0,15,0.3395237338235293
69000,45.91238610000001,0.3333333333333333,0,0.14683973432698022,0,0.0,0.0,0.0,0.0,15,0.3346030999999999
70000,46.912386100000006,0.3333333333333333,0,0.14471474682922034,0,0.0,0.0,0.0,0.0,15,0.3298230557142856
71000,47.912386100000006,0.3333333333333333,0,0.1426503853885607,0,0.0,0.0,0.0,0.0,15,0.32517766056338016
72000,48.912386100000006,0.3333333333333333,0,0.1406440919959757,0,0.0,0.0,0.0,0.0,15,0.32066130416666655
73000,49.912386100000006,0.3333333333333333,0,0.13869345055407897,0,0.0,0.0,0.0,0.0,15,0.3162686835616437
74000,50.91238610000001,0.3333333333333333,0,0.1367961771706387,0,0.0,0.0,0.0,0.0,15,0.31199478243243234
75000,51.91238610000001,0.3333333333333333,0,0.13495011123802725,0,0.0,0.0,0.0,0.0,15,0.3078348519999999
76000,52.91238610000001,0.3333333333333333,0,0.13315320722535112,0,0.0,0.0,0.0,0.0,15,0.3037843934210525
77000,53.91238610000001,0.3333333333333333,0,0.13140352711770653,0,0.0,0.0,0.0,0.0,15,0.29983914155844144
78000,54.912386100000006,0.3333333333333333,0,0.1296992334438086,0,0.0,0.0,0.0,0.0,15,0.29599504999999987
79000,55.912386100000006,0.3333333333333333,0,0.12803858283926023,0,0.0,0.0,0.0,0.0,15,0.29224827721518976
80000,56.912386100000006,0.3333333333333333,0,0.12641992009805944,0,0.0,0.0,0.0,0.0,15,0.2885951737499999
81000,57.912386100000006,0.3333333333333333,0,0.12484167266967856,0,0.0,0.0,0.0,0.0,15,0.28503227037037027
82000,58.91238610000001,0.3333333333333333,0,0.12330234556325738,0,0.0,0.0,0.0,0.0,15,0.2815562670731706
83000,59.912386100000006,0.3333333333333333,0,0.12180051662419936,0,0.0,0.0,0.0,0.0,15,0.27816402289156617
84000,60.912386100000006,0.3333333333333333,0,0.12033483215180177,0,0.0,0.0,0.0,0.0,15,0.2748525464285713
85000,61.912386100000006,0.3333333333333333,0,0.11890400282953482,0,0.0,0.0,0.0,0.0,15,0.2716189870588234
86000,62.91238610000001,0.3333333333333333,0,0.11750679994225251,0,0.0,0.0,0.0,0.0,15,0.2684606267441859
87000,63.91238610000001,0.3333333333333333,0,0.1161420518570081,0,0.0,0.0,0.0,0.0,15,0.265374872413793
88000,64.9123861,0.3333333333333333,0,0.11480864074628928,0,0.0,0.0,0.0,0.0,15,0.26235924886363626
89000,65.9123861,0.3333333333333333,0,0.11350549953441184,0,0.0,0.0,0.0,0.0,15,0.2594113921348314
90000,66.9123861,0.3333333333333333,0,0.11223160904953997,0,0.0,0.0,0.0,0.0,15,0.25652904333333326
91000,67.9123861,0.3333333333333333,0,0.11098599536535808,0,0.0,0.0,0.0,0.0,15,0.25371004285714277
92000,68.9123861,0.3333333333333333,0,0.10976772731782192,0,0.0,0.0,0.0,0.0,15,0.2509523249999999
93000,69.9123861,0.3333333333333333,0,0.10857591418368215,0,0.0,0.0,0.0,0.0,15,0.24825391290322574
94000,70.9123861,0.3333333333333333,0,0.1074097035086175,0,0.0,0.0,0.0,0.0,15,0.24561291382978717
95000,71.9123861,0.3333333333333333,0,0.1062682790738482,0,0.0,0.0,0.0,0.0,14,0.24302751473684203
96000,72.9123861,0.3333333333333333,0,0.10515085899103675,0,0.0,0.0,0.0,0.0,14,0.24049597812499993
97000,73.9123861,0.3333333333333333,0,0.10405669391613188,0,0.0,0.0,0.0,0.0,14,0.23801663814432983
98000,74.9123861,0.3333333333333333,0,0.10298506537358072,0,0.0,0.0,0.0,0.0,14,0.23558789693877544
99000,75.9123861,0.3333333333333333,0,0.1019352841830343,0,0.0,0.0,0.0,0.0,14,0.23320822121212115
100000,76.9123861,0.3333333333333333,0,0.10090668898130645,0,0.0,0.0,0.0,0.0,14,0.23087613899999992
101000,77.9123861,0.3333333333333333,0,0.09989864483292545,0,0.0,0.0,0.0,0.0,14,0.2285902366336633
102000,78.9123861,0.3333333333333333,0,0.09891054192314422,0,0.0,0.0,0.0,0.0,14,0.22634915588235285
103000,79.9123861,0.3333333333333333,0,0.09794179432775586,0,0.0,0.0,0.0,0.0,14,0.22415159126213582
104000,80.9123861,0.3333333333333333,0,0.09699183885450004,0,0.0,0.0,0.0,0.0,14,0.2219962874999999
105000,81.9123861,0.3333333333333333,0,0.09606013395124594,0,0.0,0.0,0.0,0.0,14,0.21988203714285703
106000,82.9123861,0.3333333333333333,0,0.09514615867650478,0,0.0,0.0,0.0,0.0,14,0.2178076783018867
107000,83.9123861,0.3333333333333333,0,0.0942494117281593,0,0.0,0.0,0.0,0.0,14,0.21577209252336438
108000,84.9123861,0.3333333333333333,0,0.09336941052660555,0,0.0,0.0,0.0,0.0,14,0.21377420277777767
109000,85.91238610000002,0.3333333333333333,0,0.0925056903487833,0,0.0,0.0,0.0,0.0,14,0.2118129715596329
110000,86.91238610000002,0.3333333333333333,0,0.0916578035098303,0,0.0,0.0,0.0,0.0,13,0.20988739909090898
111000,87.9123861,0.3333333333333333,0,0.09082531858933242,0,0.0,0.0,0.0,0.0,13,0.20799652162162152
112000,88.91238610000002,0.3333333333333333,0,0.09000781969935986,0,0.0,0.0,0.0,0.0,13,0.20613940982142848
113000,89.91238610000002,0.3333333333333333,0,0.08920490579168026,0,0.0,0.0,0.0,0.0,13,0.20431516725663706
114000,90.9123861,0.3333333333333333,0,0.08841619000172396,0,0.0,0.0,0.0,0.0,13,0.2025229289473683
115000,91.91238610000002,0.3333333333333333,0,0.08764129902704663,0,0.0,0.0,0.0,0.0,13,0.2007618599999999
116000,92.91238610000002,0.3333333333333333,0,0.08687987253819149,0,0.0,0.0,0.0,0.0,13,0.19903115431034474
117000,93.91238610000002,0.3333333333333333,0,0.08613156261999742,0,0.0,0.0,0.0,0.0,13,0.19733003333333324
118000,94.91238610000002,0.3333333333333333,0,0.08539603324153318,0,0.0,0.0,0.0,0.0,13,0.19565774491525414
119000,95.9123861,0.3333333333333333,0,0.0846729597529609,0,0.0,0.0,0.0,0.0,13,0.19401356218487387
120000,96.9123861,0.3333333333333333,0,0.08396202840774629,0,0.0,0.0,0.0,0.0,13,0.19239678249999992
121000,97.9123861,0.3333333333333333,0,0.08326293590873811,0,0.0,0.0,0.0,0.0,13,0.1908067264462809
122000,98.9123861,0.3333333333333333,0,0.08257538897673719,0,0.0,0.0,0.0,0.0,12,0.18924273688524582
123000,99.91238610000002,0.3333333333333333,0,0.08189910394026582,0,0.0,0.0,0.0,0.0,12,0.1877041780487804
124000,100.91238610000002,0.3333333333333333,0,0.08123380634533185,0,0.0,0.0,0.0,0.0,12,0.18619043467741928
125000,101.9123861,0.3333333333333333,0,0.08057923058405972,0,0.0,0.0,0.0,0.0,12,0.18470091119999993
126000,102.9123861,0.3333333333333333,0,0.07993511954113279,0,0.0,0.0,0.0,0.0,12,0.1832350309523809
127000,103.9123861,0.3333333333333333,0,0.07930122425705818,0,0.0,0.0,0.0,0.0,12,0.1817922354330708
128000,104.9123861,0.3333333333333333,0,0.07867730360732765,0,0.0,0.0,0.0,0.0,12,0.18037198359374992
129000,105.9123861,0.3333333333333333,0,0.07806312399660591,0,0.0,0.0,0.0,0.0,12,0.17897375116279063
130000,106.9123861,0.3333333333333333,0,0.07745845906713156,0,0.0,0.0,0.0,0.0,12,0.17759702999999993
131000,107.9123861,0.3333333333333333,0,0.07686308942056595,0,0.0,0.0,0.0,0.0,11,0.17624132748091598
132000,108.91238609999999,0.3333333333333333,0,0.07627680235257189,0,0.0,0.0,0.0,0.0,11,0.17490616590909086
133000,109.9123861,0.3333333333333333,0,0.07569939159944779,0,0.0,0.0,0.0,0.0,11,0.17359108195488718
134000,110.9123861,0.3333333333333333,0,0.07513065709618301,0,0.0,0.0,0.0,0.0,11,0.17229562611940294
135000,111.9123861,0.3333333333333333,0,0.07457040474533845,0,0.0,0.0,0.0,0.0,11,0.17101936222222217
136000,112.9123861,0.3333333333333333,0,0.07401844619619136,0,0.0,0.0,0.0,0.0,11,0.16976186691176465
137000,113.9123861,0.3333333333333333,0,0.07347459863361645,0,0.0,0.0,0.0,0.0,11,0.16852272919708022
138000,114.9123861,0.3333333333333333,0,0.07293868457620639,0,0.0,0.0,0.0,0.0,11,0.16730154999999994
139000,115.9123861,0.3333333333333333,0,0.07241053168316304,0,0.0,0.0,0.0,0.0,11,0.16609794172661865
140000,116.9123861,0.3333333333333333,0,0.07188997256951836,0,0.0,0.0,0.0,0.0,11,0.1649115278571428
141000,117.9123861,0.3333333333333333,0,0.07137684462926867,0,0.0,0.0,0.0,0.0,11,0.16374194255319144
142000,118.91238610000002,0.3333333333333333,0,0.07087098986602966,0,0.0,0.0,0.0,0.0,11,0.16258883028169008
143000,119.9123861,0.3333333333333333,0,0.07037225473084174,0,0.0,0.0,0.0,0.0,11,0.16145184545454538
144000,120.9123861,0.3333333333333333,0,0.06988048996677594,0,0.0,0.0,0.0,0.0,11,0.16033065208333327
145000,121.91238610000002,0.3333333333333333,0,0.06939555046000997,0,0.0,0.0,0.0,0.0,11,0.1592249234482758
146000,122.9123861,0.3333333333333333,0,0.06891729509706242,0,0.0,0.0,0.0,0.0,10,0.15813434178082186
147000,123.9123861,0.3333333333333333,0,0.06844558662788983,0,0.0,0.0,0.0,0.0,10,0.15705859795918362
148000,124.9123861,0.3333333333333333,0,0.06798029153456799,0,0.0,0.0,0.0,0.0,10,0.15599739121621617
149000,125.9123861,0.3333333333333333,0,0.0675212799052931,0,0.0,0.0,0.0,0.0,10,0.15495042885906035
150000,126.9123861,0.3333333333333333,0,0.0670684253134534,0,0.0,0.0,0.0,0.0,9,0.15391742599999994
151000,127.9123861,0.3333333333333333,0,0.06662160470153466,0,0.0,0.0,0.0,0.0,9,0.15289810529801318
152000,128.91238610000002,0.3333333333333333,0,0.06618069826963555,0,0.0,0.0,0.0,0.0,9,0.15189219671052626
153000,129.9123861,0.3333333333333333,0,0.06574558936838072,0,0.0,0.0,0.0,0.0,8,0.1508994372549019
154000,130.91238610000002,0.3333333333333333,0,0.06531616439603082,0,0.0,0.0,0.0,0.0,7,0.14991957077922072
155000,131.91238610000002,0.3333333333333333,0,0.06489231269959826,0,0.0,0.0,0.0,0.0,7,0.14895234774193541
156000,132.9123861,0.3333333333333333,0,0.06447392647978853,0,0.0,0.0,0.0,0.0,7,0.14799752499999994
157000,133.9123861,0.3333333333333333,0,0.06406090069959505,0,0.0,0.0,0.0,0.0,7,0.14705486560509548
158000,134.91238610000002,0.3333333333333333,0,0.0636531329963851,0,0.0,0.0,0.0,0.0,7,0.14612413860759488
159000,135.91238610000002,0.3333333333333333,0,0.06325052359732197,0,0.0,0.0,0.0,0.0,7,0.14520511886792448
160000,136.91238610000002,0.3333333333333333,0,0.06285297523797682,0,0.0,0.0,0.0,0.0,7,0.14429758687499994
161000,137.91238610000002,0.3333333333333333,0,0.062460393083990595,0,0.0,0.0,0.0,0.0,7,0.1434013285714285
162000,138.91238610000002,0.3333333333333333,0,0.06207268465565353,0,0.0,0.0,0.0,0.0,7,0.14251613518518513
163000,139.9123861,0.3333333333333333,0,0.0616897597552763,0,0.0,0.0,0.0,0.0,7,0.1416418030674846
164000,140.91238610000002,0.3333333333333333,0,0.06131153039723294,0,0.0,0.0,0.0,0.0,7,0.1407781335365853
165000,141.91238610000002,0.3333333333333333,0,0.060937910740561554,0,0.0,0.0,0.0,0.0,7,0.13992493272727266
166000,142.91238610000002,0.3333333333333333,0,0.060568817024014475,0,0.0,0.0,0.0,0.0,7,0.13908201144578305
167000,143.9123861,0.3333333333333333,0,0.06020416750345449,0,0.0,0.0,0.0,0.0,7,0.13824918502994005
168000,144.9123861,0.3333333333333333,0,0.059843882391499,0,0.0,0.0,0.0,0.0,7,0.13742627321428563
169000,145.91238610000002,0.3333333333333333,0,0.05948788379931844,0,0.0,0.0,0.0,0.0,7,0.13661309999999993
170000,146.91238610000002,0.3333333333333333,0,0.05913609568049975,0,0.0,0.0,0.0,0.0,7,0.13580949352941168
171000,147.91238610000002,0.3333333333333333,0,0.058788443776889965,0,0.0,0.0,0.0,0.0,7,0.1350152859649122
172000,148.91238610000002,0.3333333333333333,0,0.058444855566338945,0,0.0,0.0,0.0,0.0,6,0.13423031337209293
173000,149.9123861,0.3333333333333333,0,0.05810526021226392,0,0.0,0.0,0.0,0.0,6,0.13345441560693633
174000,150.91238610000002,0.3333333333333333,0,0.057769588514962195,0,0.0,0.0,0.0,0.0,5,0.13268743620689646
175000,151.91238610000002,0.3333333333333333,0,0.057437772864601805,0,0.0,0.0,0.0,0.0,5,0.1319292222857142
176000,152.91238610000002,0.3333333333333333,0,0.05710974719582295,0,0.0,0.0,0.0,0.0,5,0.13117962443181808
177000,153.91238610000002,0.3333333333333333,0,0.056785446943886236,0,0.0,0.0,0.0,0.0,5,0.13043849661016937
178000,154.91238610000002,0.3333333333333333,0,0.05646480900230652,0,0.0,0.0,0.0,0.0,5,0.1297056960674156
179000,155.91238610000002,0.3333333333333333,0,0.05614777168191408,0,0.0,0.0,0.0,0.0,5,0.12898108324022334
180000,156.91238610000002,0.3333333333333333,0,0.05583427467128721,0,0.0,0.0,0.0,0.0,4,0.12826452166666655
181000,157.91238610000002,0.3333333333333333,0,0.055524258998503,0,0.0,0.0,0.0,0.0,4,0.12755587790055237
182000,158.91238610000002,0.3333333333333333,0,0.05521766699415535,0,0.0,0.0,0.0,0.0,4,0.1268550214285713
183000,159.91238610000002,0.3333333333333333,0,0.054914442255591445,0,0.0,0.0,0.0,0.0,4,0.1261618245901638
184000,160.91238610000002,0.3333333333333333,0,0.054614529612320245,0,0.0,0.0,0.0,0.0,4,0.12547616249999988
185000,161.91238610000002,0.3333333333333333,0,0.054317875092548214,0,0.0,0.0,0.0,0.0,4,0.12479791297297285
186000,162.91238610000002,0.3333333333333333,0,0.0540244258907999,0,0.0,0.0,0.0,0.0,4,0.12412695645161279
187000,163.91238610000002,0.3333333333333333,0,0.05373413033658237,0,0.0,0.0,0.0,0.0,4,0.12346317593582876
188000,164.91238610000002,0.3333333333333333,0,0.053446937864054536,0,0.0,0.0,0.0,0.0,4,0.1228064569148935
189000,165.91238610000002,0.3333333333333333,0,0.05316279898266397,0,0.0,0.0,0.0,0.0,4,0.12215668730158719
190000,166.91238610000002,0.3333333333333333,0,0.05288166524871537,0,0.0,0.0,0.0,0.0,4,0.12151375736842093
191000,167.91238610000002,0.3333333333333333,0,0.05260348923783641,0,0.0,0.0,0.0,0.0,4,0.12087755968586375
192000,168.91238610000002,0.3333333333333333,0,0.052328224518308014,0,0.0,0.0,0.0,0.0,4,0.12024798906249988
193000,169.91238610000002,0.3333333333333333,0,0.05205582562522774,0,0.0,0.0,0.0,0.0,4,0.11962494248704651
194000,170.91238610000002,0.3333333333333333,0,0.05178624803547578,0,0.0,0.0,0.0,0.0,4,0.11900831907216483
195000,171.91238610000002,0.3333333333333333,0,0.051519448143455,0,0.0,0.0,0.0,0.0,4,0.11839801999999988
196000,172.91238610000002,0.3333333333333333,0,0.051255383237576876,0,0.0,0.0,0.0,0.0,4,0.11779394846938764
197000,173.91238610000002,0.3333333333333333,0,0.05099401147746698,0,0.0,0.0,0.0,0.0,4,0.11719600964466993
198000,174.91238610000002,0.3333333333333333,0,0.05073529187186433,0,0.0,0.0,0.0,0.0,2,0.11660411060606049
199000,175.91238610000002,0.3333333333333333,0,0.05047918425719011,0,0.0,0.0,0.0,0.0,2,0.11601816030150743
200000,176.91238610000002,0.3333333333333333,0,0.05022564927676224,0,0.0,0.0,0.0,0.0,2,0.11543806949999989
201000,177.91238610000002,0.3333333333333333,0,0.04997464836063317,0,0.0,0.0,0.0,0.0,2,0.11486375074626855
202000,178.91238610000002,0.3333333333333333,0,0.04972614370602926,0,0.0,0.0,0.0,0.0,2,0.11429511831683158
203000,179.91238610000002,0.3333333333333333,0,0.049480098258370846,0,0.0,0.0,0.0,0.0,2,0.11373208817733979
204000,180.91238610000002,0.3333333333333333,0,0.04923647569285302,0,0.0,0.0,0.0,0.0,2,0.11317457794117636
205000,181.91238610000002,0.3333333333333333,0,0.04899524039656791,0,0.0,0.0,0.0,0.0,2,0.11262250682926818
206000,182.91238610000002,0.3333333333333333,0,0.0487563574511499,0,0.0,0.0,0.0,0.0,2,0.11207579563106784
207000,183.91238610000002,0.3333333333333333,0,0.04851979261592612,0,0.0,0.0,0.0,0.0,2,0.11153436666666655
208000,184.91238610000005,0.3333333333333333,0,0.04828551231155508,0,0.0,0.0,0.0,0.0,1,0.11099814374999989
209000,185.91238610000002,0.3333333333333333,0,0.04805348360413702,0,0.0,0.0,0.0,0.0,1,0.11046705215310994
210000,186.91238610000002,0.3333333333333333,0,0.0478236741897802,0,0.0,0.0,0.0,0.0,1,0.10994101857142846
211000,187.91238610000002,0.3333333333333333,0,0.04759605237960799,0,0.0,0.0,0.0,0.0,1,0.10941997109004728
212000,188.91238610000002,0.3333333333333333,0,0.047370587085192026,0,0.0,0.0,0.0,0.0,1,0.10890383915094329
213000,189.91238610000002,0.3333333333333333,0,0.04714724780439749,0,0.0,0.0,0.0,0.0,1,0.10839255352112666
214000,190.91238610000002,0.3333333333333333,0,0.04692600460762688,0,0.0,0.0,0.0,0.0,1,0.10788604626168215
215000,191.91238610000002,0.3333333333333333,0,0.046706828124449325,0,0.0,0.0,0.0,0.0,1,0.10738425069767432
216000,192.91238610000002,0.3333333333333333,0,0.04648968953060284,0,0.0,0.0,0.0,0.0,1,0.1068871013888888
217000,193.91238610000002,0.3333333333333333,0,0.04627456053535745,0,0.0,0.0,0.0,0.0,1,0.10639453410138239
218000,194.91238610000002,0.3333333333333333,0,0.0460614133692276,0,0.0,0.0,0.0,0.0,0,0.10590648577981641
219000,195.91238610000002,0.3333333333333333,0,0.045850220772022554,0,0.0,0.0,0.0,0.0,0,0.10542289452054784
220000,196.91238610000002,0.3333333333333333,0,0.04564095598122402,0,0.0,0.0,0.0,0.0,0,0.10494369954545445
221000,197.91238610000002,0.3333333333333333,0,0.045433592720680684,0,0.0,0.0,0.0,0.0,0,0.10446884117647048
222000,198.91238610000002,0.3333333333333333,0,0.0452281051896094,0,0.0,0.0,0.0,0.0,0,0.1039982608108107
223000,199.91238610000002,0.3333333333333333,0,0.04502446805189368,0,0.0,0.0,0.0,0.0,0,0.10353190089686089
224000,200.91238610000002,0.3333333333333333,0,0.04482265642566982,0,0.0,0.0,0.0,0.0,0,0.10306970491071418
225000,201.91238610000002,0.3333333333333333,0,0.04462264587319198,0,0.0,0.0,0.0,0.0,0,0.10261161733333322
226000,202.91238610000002,0.3333333333333333,0,0.044424412390967304,0,0.0,0.0,0.0,0.0,0,0.10215758362831848
227000,203.91238610000002,0.3333333333333333,0,0.04422793240015288,0,0.0,0.0,0.0,0.0,0,0.10170755022026422
228000,204.91238610000002,0.3333333333333333,0,0.044033182737206404,0,0.0,0.0,0.0,0.0,0,0.10126146447368412
229000,205.91238610000002,0.3333333333333333,0,0.043840140644782755,0,0.0,0.0,0.0,0.0,0,0.10081927467248898
230000,206.91238610000002,0.3333333333333333,0,0.043648783762868966,0,0.0,0.0,0.0,0.0,0,0.1003809299999999
231000,207.91238610000002,0.3333333333333333,0,0.043459090120150416,0,0.0,0.0,0.0,0.0,0,0.09994638051948042
232000,208.91238610000002,0.3333333333333333,0,0.04327103812560112,0,0.0,0.0,0.0,0.0,0,0.09951557715517231
233000,209.91238610000002,0.3333333333333333,0,0.04308460656029143,0,0.0,0.0,0.0,0.0,0,0.09908847167381964
234000,210.91238610000002,0.3333333333333333,0,0.04289977456940662,0,0.0,0.0,0.0,0.0,0,0.09866501666666656
235000,211.91238610000002,0.3333333333333333,0,0.04271652165447003,0,0.0,0.0,0.0,0.0,0,0.09824516553191479
236000,212.91238610000002,0.3333333333333333,0,0.04253482766576465,0,0.0,0.0,0.0,0.0,0,0.09782887245762702
237000,213.91238610000002,0.3333333333333333,0,0.042354672794947354,0,0.0,0.0,0.0,0.0,0,0.09741609240506319
238000,214.91238610000002,0.3333333333333333,0,0.04217603756784999,0,0.0,0.0,0.0,0.0,0,0.09700678109243688
239000,215.91238610000002,0.3333333333333333,0,0.04199890283746186,0,0.0,0.0,0.0,0.0,0,0.09660089497907941
240000,216.91238610000002,0.3333333333333333,0,0.04182324977708838,0,0.0,0.0,0.0,0.0,0,0.0961983912499999
241000,217.91238610000005,0.3333333333333333,0,0.041649059873680595,0,0.0,0.0,0.0,0.0,0,0.09579922780082978
242000,218.91238610000002,0.3333333333333333,0,0.04147631492133078,0,0.0,0.0,0.0,0.0,0,0.0954033632231404
243000,219.91238610000002,0.3333333333333333,0,0.0413049970149292,0,0.0,0.0,0.0,0.0,0,0.09501075679012336
244000,220.91238610000002,0.3333333333333333,0,0.04113508854397742,0,0.0,0.0,0.0,0.0,0,0.09462136844262285
245000,221.91238610000002,0.3333333333333333,0,0.0409665721865537,0,0.0,0.0,0.0,0.0,0,0.0942351587755101
246000,222.91238610000002,0.3333333333333333,0,0.04079943090342615,0,0.0,0.0,0.0,0.0,0,0.09385208902439014
247000,223.91238610000002,0.3333333333333333,0,0.04063364793230931,0,0.0,0.0,0.0,0.0,0,0.09347212105263147
248000,224.91238610000002,0.3333333333333333,0,0.04046920678226029,0,0.0,0.0,0.0,0.0,0,0.09309521733870957
249000,225.91238610000002,0.3333333333333333,0,0.04030609122821038,0,0.0,0.0,0.0,0.0,0,0.09272134096385531
250000,226.91238610000002,0.3333333333333333,0,0.040144285305628385,0,0.0,0.0,0.0,0.0,0,0.0923504555999999
251000,227.91238610000002,0.3333333333333333,0,0.039983773305311984,0,0.0,0.0,0.0,0.0,0,0.09198252549800787
252000,228.91238610000002,0.3333333333333333,0,0.03982453976830356,0,0.0,0.0,0.0,0.0,0,0.09161751547619038
253000,229.91238610000002,0.3333333333333333,0,0.03966656948092702,0,0.0,0.0,0.0,0.0,0,0.09125539090909081
254000,230.91238610000005,0.3333333333333333,0,0.039509847469942294,0,0.0,0.0,0.0,0.0,0,0.09089611771653533
255000,231.91238610000002,0.3333333333333333,0,0.03935435899781419,0,0.0,0.0,0.0,0.0,0,0.09053966235294107
256000,232.91238610000002,0.3333333333333333,0,0.03920008955809263,0,0.0,0.0,0.0,0.0,0,0.09018599179687489
257000,233.91238610000002,0.3333333333333333,0,0.03904702487090099,0,0.0,0.0,0.0,0.0,0,0.08983507354085593
258000,234.91238610000002,0.3333333333333333,0,0.03889515087852985,0,0.0,0.0,0.0,0.0,0,0.08948687558139524
259000,235.91238610000002,0.3333333333333333,0,0.03874445374113309,0,0.0,0.0,0.0,0.0,0,0.0891413664092663
260000,236.91238610000002,0.3333333333333333,0,0.038594919832523694,0,0.0,0.0,0.0,0.0,0,0.0887985149999999
261000,237.91238610000002,0.3333333333333333,0,0.03844653573606652,0,0.0,0.0,0.0,0.0,0,0.0884582908045976
262000,238.91238610000002,0.3333333333333333,0,0.03829928824066545,0,0.0,0.0,0.0,0.0,0,0.08812066374045792
263000,239.91238610000005,0.3333333333333333,0,0.03815316433684243,0,0.0,0.0,0.0,0.0,0,0.08778560418250941
264000,240.91238610000002,0.3333333333333333,0,0.03800815121290588,0,0.0,0.0,0.0,0.0,0,0.08745308295454536
265000,241.91238610000005,0.3333333333333333,0,0.03786423625120617,0,0.0,0.0,0.0,0.0,0,0.08712307132075463
266000,242.91238610000005,0.3333333333333333,0,0.037721407024475906,0,0.0,0.0,0.0,0.0,0,0.08679554097744352
267000,243.91238610000002,0.3333333333333333,0,0.03757965129225262,0,0.0,0.0,0.0,0.0,0,0.08647046404494373
268000,244.91238610000002,0.3333333333333333,0,0.037438956997381895,0,0.0,0.0,0.0,0.0,0,0.0861478130597014
269000,245.91238610000002,0.3333333333333333,0,0.037299312262598756,0,0.0,0.0,0.0,0.0,0,0.08582756096654266
270000,246.91238610000002,0.3333333333333333,0,0.037160705387185244,0,0.0,0.0,0.0,0.0,0,0.08550968111111103
271000,247.91238610000002,0.3333333333333333,0,0.037023124843702265,0,0.0,0.0,0.0,0.0,0,0.08519414723247225
272000,248.91238610000002,0.3333333333333333,0,0.036886559274793736,0,0.0,0.0,0.0,0.0,0,0.08488093345588228
273000,249.91238610000002,0.3333333333333333,0,0.03675099749006124,0,0.0,0.0,0.0,0.0,0,0.08457001428571422
274000,250.91238610000002,0.3333333333333333,0,0.03661642846300734,0,0.0,0.0,0.0,0.0,0,0.08426136459854007
275000,251.91238610000002,0.3333333333333333,0,0.03648284132804578,0,0.0,0.0,0.0,0.0,0,0.08395495963636355
276000,252.91238610000002,0.3333333333333333,0,0.03635022537757689,0,0.0,0.0,0.0,0.0,0,0.08365077499999991
277000,253.91238610000005,0.3333333333333333,0,0.03621857005912661,0,0.0,0.0,0.0,0.0,0,0.08334878664259919
278000,254.91238610000002,0.3333333333333333,0,0.03608786497254736,0,0.0,0.0,0.0,0.0,0,0.08304897086330927
279000,255.91238610000002,0.3333333333333333,0,0.03595809986727938,0,0.0,0.0,0.0,0.0,0,0.08275130430107519
280000,256.91238610000005,0.3333333333333333,0,0.035829264639670934,0,0.0,0.0,0.0,0.0,0,0.08245576392857135
281000,257.91238610000005,0.3333333333333333,0,0.03570134933035587,0,0.0,0.0,0.0,0.0,0,0.08216232704626326
282000,258.9123861,0.3333333333333333,0,0.0355743441216872,0,0.0,0.0,0.0,0.0,0,0.08187097127659566
283000,259.91238610000005,0.3333333333333333,0,0.03544823933522528,0,0.0,0.0,0.0,0.0,0,0.08158167455830381
284000,260.9123861,0.3333333333333333,0,0.03532302542927914,0,0.0,0.0,0.0,0.0,0,0.081294415140845
285000,261.91238610000005,0.3333333333333333,0,0.035198692996499865,0,0.0,0.0,0.0,0.0,0,0.0810091715789473
286000,262.91238610000005,0.3333333333333333,0,0.035075232761524494,0,0.0,0.0,0.0,0.0,0,0.08072592272727265
287000,263.91238610000005,0.3333333333333333,0,0.03495263557866944,0,0.0,0.0,0.0,0.0,0,0.08044464773519155
288000,264.91238610000005,0.3333333333333333,0,0.03483089242967202,0,0.0,0.0,0.0,0.0,0,0.08016532604166658
289000,265.91238610000005,0.3333333333333333,0,0.034709994421479116,0,0.0,0.0,0.0,0.0,0,0.07988793737024213
290000,266.91238610000005,0.3333333333333333,0,0.03458993278408164,0,0.0,0.0,0.0,0.0,0,0.07961246172413786
291000,267.9123861,0.3333333333333333,0,0.03447069886839383,0,0.0,0.0,0.0,0.0,0,0.07933887938144323
292000,268.9123861,0.3333333333333333,0,0.034352284144176286,0,0.0,0.0,0.0,0.0,0,0.07906717089041089
293000,269.9123861,0.3333333333333333,0,0.03423468019800161,0,0.0,0.0,0.0,0.0,0,0.07879731706484634
294000,270.9123861,0.3333333333333333,0,0.03411787873126172,0,0.0,0.0,0.0,0.0,0,0.07852929897959177
295000,271.9123861,0.3333333333333333,0,0.0340018715582158,0,0.0,0.0,0.0,0.0,0,0.07826309796610162
296000,272.91238610000005,0.3333333333333333,0,0.03388665060407801,0,0.0,0.0,0.0,0.0,0,0.07799869560810803
297000,273.9123861,0.3333333333333333,0,0.033772207903143794,0,0.0,0.0,0.0,0.0,0,0.07773607373737366
298000,274.91238610000005,0.3333333333333333,0,0.03365853559695422,0,0.0,0.0,0.0,0.0,0,0.07747521442953013
299000,275.91238610000005,0.3333333333333333,0,0.03354562593249711,0,0.0,0.0,0.0,0.0,0,0.07721609999999993
300000,276.91238610000005,0.3333333333333333,0,0.03343347126044433,0,0.0,0.0,0.0,0.0,0,0.07695871299999993
301000,277.9123861,0.3333333333333333,0,0.03332206403342432,0,0.0,0.0,0.0,0.0,0,0.07670303621262452
302000,278.9123861,0.3333333333333333,0,0.03321139680432898,0,0.0,0.0,0.0,0.0,0,0.07644905264900656
303000,279.91238610000005,0.3333333333333333,0,0.03310146222465433,0,0.0,0.0,0.0,0.0,0,0.0761967455445544
304000,280.9123861,0.3333333333333333,0,0.032992253042873836,0,0.0,0.0,0.0,0.0,0,0.0759460983552631
305000,281.91238610000005,0.3333333333333333,0,0.03288376210284397,0,0.0,0.0,0.0,0.0,0,0.0756970947540983
306000,282.9123861,0.3333333333333333,0,0.03277598234224104,0,0.0,0.0,0.0,0.0,0,0.07544971862745092
307000,283.91238610000005,0.3333333333333333,0,0.03266890679102873,0,0.0,0.0,0.0,0.0,0,0.07520395407166118
308000,284.9123861,0.3333333333333333,0,0.03256252856995552,0,0.0,0.0,0.0,0.0,0,0.07495978538961033
309000,285.91238610000005,0.3333333333333333,0,0.0324568408890814,0,0.0,0.0,0.0,0.0,0,0.07471719708737858
310000,286.9123861,0.3333333333333333,0,0.03235183704633317,0,0.0,0.0,0.0,0.0,0,0.07447617387096768
311000,287.91238610000005,0.3333333333333333,0,0.03224751042608769,0,0.0,0.0,0.0,0.0,0,0.07423670064308675
312000,288.91238610000005,0.3333333333333333,0,0.03214385449778251,0,0.0,0.0,0.0,0.0,0,0.07399876249999994
313000,289.9123861,0.3333333333333333,0,0.03204086281455307,0,0.0,0.0,0.0,0.0,0,0.07376234472843445
314000,290.91238610000005,0.3333333333333333,0,0.031938529011896186,0,0.0,0.0,0.0,0.0,0,0.07352743280254771
315000,291.9123861,0.3333333333333333,0,0.03183684680635897,0,0.0,0.0,0.0,0.0,0,0.07329401238095232
316000,292.9123861,0.3333333333333333,0,0.03173580999425269,0,0.0,0.0,0.0,0.0,0,0.07306206930379741
317000,293.9123861,0.3333333333333333,0,0.03163541245039114,0,0.0,0.0,0.0,0.0,0,0.07283158958990531
318000,294.9123861,0.3333333333333333,0,0.0315356481268528,0,0.0,0.0,0.0,0.0,0,0.07260255943396221
319000,295.9123861,0.3333333333333333,0,0.031436511051766355,0,0.0,0.0,0.0,0.0,0,0.0723749652037617
320000,296.91238610000005,0.3333333333333333,0,0.03133799532811909,0,0.0,0.0,0.0,0.0,0,0.07214879343749994
321000,297.91238610000005,0.3333333333333333,0,0.031240095132587586,0,0.0,0.0,0.0,0.0,0,0.07192403084112144
322000,298.91238610000005,0.3333333333333333,0,0.031142804714390272,0,0.0,0.0,0.0,0.0,0,0.07170066428571423
323000,299.91238610000005,0.3333333333333333,0,0.03104611839416135,0,0.0,0.0,0.0,0.0,0,0.0714786808049535
324000,300.9123861,0.3333333333333333,0,0.03095003056284565,0,0.0,0.0,0.0,0.0,0,0.07125806759259252
325000,301.9123861,0.3333333333333333,0,0.030854535680613908,0,0.0,0.0,0.0,0.0,0,0.07103881199999994
326000,302.91238610000005,0.3333333333333333,0,0.030759628275798107,0,0.0,0.0,0.0,0.0,0,0.07082090153374226
327000,303.91238610000005,0.3333333333333333,0,0.030665302943846364,0,0.0,0.0,0.0,0.0,0,0.07060432385321094
328000,304.91238610000005,0.3333333333333333,0,0.03057155434629702,0,0.0,0.0,0.0,0.0,0,0.07038906676829261
329000,305.91238610000005,0.3333333333333333,0,0.030478377209771472,0,0.0,0.0,0.0,0.0,0,0.07017511823708199
330000,306.91238610000005,0.3333333333333333,0,0.030385766324985384,0,0.0,0.0,0.0,0.0,0,0.06996246636363629
331000,307.91238610000005,0.3333333333333333,0,0.03029371654577785,0,0.0,0.0,0.0,0.0,0,0.06975109939577032
332000,308.91238610000005,0.3333333333333333,0,0.03020222278815816,0,0.0,0.0,0.0,0.0,0,0.06954100572289149
333000,309.91238610000005,0.3333333333333333,0,0.030111280029369795,0,0.0,0.0,0.0,0.0,0,0.06933217387387379
334000,310.91238610000005,0.3333333333333333,0,0.030020883306971273,0,0.0,0.0,0.0,0.0,0,0.06912459251496998
335000,311.91238610000005,0.3333333333333333,0,0.029931027717933493,0,0.0,0.0,0.0,0.0,0,0.06891825044776112
336000,312.91238610000005,0.3333333333333333,0,0.029841708417753264,0,0.0,0.0,0.0,0.0,0,0.06871313660714279
337000,313.91238610000005,0.3333333333333333,0,0.02975292061958265,0,0.0,0.0,0.0,0.0,0,0.06850924005934711
338000,314.9123861,0.3333333333333333,0,0.02966465959337379,0,0.0,0.0,0.0,0.0,0,0.06830654999999992
339000,315.91238610000005,0.3333333333333333,0,0.02957692066503893,0,0.0,0.0,0.0,0.0,0,0.06810505575221232
340000,316.91238610000005,0.3333333333333333,0,0.029489699215625286,0,0.0,0.0,0.0,0.0,0,0.06790474676470581
341000,317.9123861,0.3333333333333333,0,0.029402990680504497,0,0.0,0.0,0.0,0.0,0,0.0677056126099706
342000,318.91238610000005,0.3333333333333333,0,0.029316790548576287,0,0.0,0.0,0.0,0.0,0,0.06750764298245607
343000,319.9123861,0.3333333333333333,0,0.02923109436148615,0,0.0,0.0,0.0,0.0,0,0.06731082769679293
344000,320.91238610000005,0.3333333333333333,0,0.029145897712856677,0,0.0,0.0,0.0,0.0,0,0.06711515668604644
345000,321.91238610000005,0.3333333333333333,0,0.02906119624753229,0,0.0,0.0,0.0,0.0,0,0.06692061999999993
346000,322.9123861,0.3333333333333333,0,0.02897698566083714,0,0.0,0.0,0.0,0.0,0,0.06672720780346814
347000,323.91238610000005,0.3333333333333333,0,0.02889326169784581,0,0.0,0.0,0.0,0.0,0,0.0665349103746397
348000,324.91238610000005,0.3333333333333333,0,0.028810020152666687,0,0.0,0.0,0.0,0.0,0,0.0663437181034482
349000,325.91238610000005,0.3333333333333333,0,0.028727256867737652,0,0.0,0.0,0.0,0.0,0,0.06615362148997128
350000,326.9123861,0.3333333333333333,0,0.028644967733133873,0,0.0,0.0,0.0,0.0,0,0.06596461114285708
351000,327.9123861,0.3333333333333333,0,0.02856314868588748,0,0.0,0.0,0.0,0.0,0,0.06577667777777771
352000,328.91238610000005,0.3333333333333333,0,0.028481795709318844,0,0.0,0.0,0.0,0.0,0,0.06558981221590902
353000,329.91238610000005,0.3333333333333333,0,0.02840090483237928,0,0.0,0.0,0.0,0.0,0,0.0654040053824362
354000,330.91238610000005,0.3333333333333333,0,0.02832047212900489,0,0.0,0.0,0.0,0.0,0,0.06521924830508469
355000,331.91238610000005,0.3333333333333333,0,0.02824049371748136,0,0.0,0.0,0.0,0.0,0,0.065035532112676
356000,332.9123861,0.3333333333333333,0,0.02816096575981952,0,0.0,0.0,0.0,0.0,0,0.0648528480337078
357000,333.91238610000005,0.3333333333333333,0,0.02808188446114138,0,0.0,0.0,0.0,0.0,0,0.06467118739495792
358000,334.9123861,0.3333333333333333,0,0.028003246069076507,0,0.0,0.0,0.0,0.0,0,0.06449054162011167
359000,335.91238610000005,0.3333333333333333,0,0.027925046873168522,0,0.0,0.0,0.0,0.0,0,0.0643109022284122
360000,336.91238610000005,0.3333333333333333,0,0.027847283204291497,0,0.0,0.0,0.0,0.0,0,0.06413226083333327
361000,337.91238610000005,0.3333333333333333,0,0.02776995143407608,0,0.0,0.0,0.0,0.0,0,0.06395460914127418
362000,338.91238610000005,0.3333333333333333,0,0.027693047974345172,0,0.0,0.0,0.0,0.0,0,0.06377793895027618
363000,339.9123861,0.3333333333333333,0,0.027616569276558915,0,0.0,0.0,0.0,0.0,0,0.06360224214876027
364000,340.91238610000005,0.3333333333333333,0,0.0275405118312689,0,0.0,0.0,0.0,0.0,0,0.06342751071428565
365000,341.91238610000005,0.3333333333333333,0,0.027464872167581342,0,0.0,0.0,0.0,0.0,0,0.0632537367123287
366000,342.9123861,0.3333333333333333,0,0.027389646852629075,0,0.0,0.0,0.0,0.0,0,0.0630809122950819
367000,343.9123861,0.3333333333333333,0,0.02731483249105221,0,0.0,0.0,0.0,0.0,0,0.06290902970027241
368000,344.91238610000005,0.3333333333333333,0,0.02724042572448728,0,0.0,0.0,0.0,0.0,0,0.06273808124999994
369000,345.91238610000005,0.3333333333333333,0,0.0271664232310647,0,0.0,0.0,0.0,0.0,0,0.06256805934959343
370000,346.91238610000005,0.3333333333333333,0,0.02709282172491442,0,0.0,0.0,0.0,0.0,0,0.062398956486486426
371000,347.91238610000005,0.3333333333333333,0,0.027019617955679566,0,0.0,0.0,0.0,0.0,0,0.06223076522911045
372000,348.91238610000005,0.3333333333333333,0,0.026946808708037968,0,0.0,0.0,0.0,0.0,0,0.06206347822580639
373000,349.91238610000005,0.3333333333333333,0,0.02687439080123138,0,0.0,0.0,0.0,0.0,0,0.061897088203753295
374000,350.91238610000005,0.3333333333333333,0,0.0268023610886023,0,0.0,0.0,0.0,0.0,0,0.061731587967914385
375000,351.91238610000005,0.3333333333333333,0,0.026730716457138173,0,0.0,0.0,0.0,0.0,0,0.06156697039999995
376000,352.91238610000005,0.3333333333333333,0,0.02665945382702294,0,0.0,0.0,0.0,0.0,0,0.06140322845744676
377000,353.9123861,0.3333333333333333,0,0.0265885701511957,0,0.0,0.0,0.0,0.0,0,0.061240355172413746
378000,354.91238610000005,0.3333333333333333,0,0.02651806241491642,0,0.0,0.0,0.0,0.0,0,0.06107834365079361
379000,355.9123861,0.3333333333333333,0,0.02644792763533851,0,0.0,0.0,0.0,0.0,0,0.06091718707124006
380000,356.9123861,0.3333333333333333,0,0.026378162861088187,0,0.0,0.0,0.0,0.0,0,0.06075687868421048
381000,357.9123861,0.3333333333333333,0,0.026308765171850466,0,0.0,0.0,0.0,0.0,0,0.06059741181102358
382000,358.9123861,0.3333333333333333,0,0.026239731677961682,0,0.0,0.0,0.0,0.0,0,0.060438779842931896
383000,359.91238610000005,0.3333333333333333,0,0.026171059520008384,0,0.0,0.0,0.0,0.0,0,0.06028097624020884
384000,360.91238610000005,0.3333333333333333,0,0.026102745868432545,0,0.0,0.0,0.0,0.0,0,0.06012399453124996
385000,361.91238610000005,0.3333333333333333,0,0.026034787923142913,0,0.0,0.0,0.0,0.0,0,0.05996782831168827
386000,362.9123861,0.3333333333333333,0,0.025967182913132426,0,0.0,0.0,0.0,0.0,0,0.05981247124352328
387000,363.91238610000005,0.3333333333333333,0,0.02589992809610158,0,0.0,0.0,0.0,0.0,0,0.05965791705426353
388000,364.9123861,0.3333333333333333,0,0.025833020758087622,0,0.0,0.0,0.0,0.0,0,0.059504159536082436
389000,365.9123861,0.3333333333333333,0,0.02576645821309948,0,0.0,0.0,0.0,0.0,0,0.05935119254498711
390000,366.91238610000005,0.3333333333333333,0,0.02570023780275833,0,0.0,0.0,0.0,0.0,0,0.05919900999999996
391000,367.9123861,0.3333333333333333,0,0.025634356895943677,0,0.0,0.0,0.0,0.0,0,0.0590476058823529
392000,368.9123861,0.3333333333333333,0,0.025568812888444876,0,0.0,0.0,0.0,0.0,0,0.05889697423469384
393000,369.9123861,0.3333333333333333,0,0.025503603202617988,0,0.0,0.0,0.0,0.0,0,0.0587471091603053
394000,370.9123861,0.3333333333333333,0,0.02543872528704786,0,0.0,0.0,0.0,0.0,0,0.05859800482233499
395000,371.9123861,0.3333333333333333,0,0.025374176616215365,0,0.0,0.0,0.0,0.0,0,0.058449655443037936
396000,372.91238610000005,0.3333333333333333,0,0.025309954690169688,0,0.0,0.0,0.0,0.0,0,0.058302055303030266
397000,373.91238610000005,0.3333333333333333,0,0.025246057034205568,0,0.0,0.0,0.0,0.0,0,0.058155198740554116
398000,374.91238610000005,0.3333333333333333,0,0.02518248119854544,0,0.0,0.0,0.0,0.0,0,0.05800908015075373
399000,375.9123861,0.3333333333333333,0,0.02511922475802634,0,0.0,0.0,0.0,0.0,0,0.05786369398496236
400000,376.9123861,0.3333333333333333,0,0.025056285311791524,0,0.0,0.0,0.0,0.0,0,0.05771903474999995
401000,377.91238610000005,0.3333333333333333,0,0.02499366048298675,0,0.0,0.0,0.0,0.0,0,0.05757509700748125
402000,378.9123861,0.3333333333333333,0,0.02493134791846103,0,0.0,0.0,0.0,0.0,0,0.05743187537313428
403000,379.9123861,0.3333333333333333,0,0.024869345288471907,0,0.0,0.0,0.0,0.0,0,0.05728936451612898
404000,380.9123861,0.3333333333333333,0,0.024807650286395103,0,0.0,0.0,0.0,0.0,0,0.057147559158415795
405000,381.91238610000005,0.3333333333333333,0,0.024746260628438474,0,0.0,0.0,0.0,0.0,0,0.05700645407407403
406000,382.9123861,0.3333333333333333,0,0.024685174053360192,0,0.0,0.0,0.0,0.0,0,0.05686604408866991
407000,383.91238610000005,0.3333333333333333,0,0.024624388322191108,0,0.0,0.0,0.0,0.0,0,0.05672632407862404
408000,384.91238610000005,0.3333333333333333,0,0.024563901217961207,0,0.0,0.0,0.0,0.0,0,0.0565872889705882
409000,385.9123861,0.3333333333333333,0,0.02450371054543006,0,0.0,0.0,0.0,0.0,0,0.05644893374083126
410000,386.9123861,0.3333333333333333,0,0.024443814130821265,0,0.0,0.0,0.0,0.0,0,0.05631125341463411
411000,387.9123861,0.3333333333333333,0,0.024384209821560747,0,0.0,0.0,0.0,0.0,0,0.056174243065693394
412000,388.91238610000005,0.3333333333333333,0,0.024324895486018884,0,0.0,0.0,0.0,0.0,0,0.05603789781553394
413000,389.91238610000005,0.3333333333333333,0,0.024265869013256395,0,0.0,0.0,0.0,0.0,0,0.055902212832929746
414000,390.9123861,0.3333333333333333,0,0.02420712831277391,0,0.0,0.0,0.0,0.0,0,0.055767183333333296
415000,391.9123861,0.3333333333333333,0,0.024148671314265166,0,0.0,0.0,0.0,0.0,0,0.05563280457831322
416000,392.91238610000005,0.3333333333333333,0,0.024090495967373792,0,0.0,0.0,0.0,0.0,0,0.055499071874999965
417000,393.9123861,0.3333333333333333,0,0.024032600241453567,0,0.0,0.0,0.0,0.0,0,0.055365980575539535
418000,394.91238610000005,0.3333333333333333,0,0.023974982125332157,0,0.0,0.0,0.0,0.0,0,0.05523352607655499
419000,395.91238610000005,0.3333333333333333,0,0.023917639627078224,0,0.0,0.0,0.0,0.0,0,0.05510170381861572
420000,396.91238610000005,0.3333333333333333,0,0.023860570773771878,0,0.0,0.0,0.0,0.0,0,0.05497050928571425
421000,397.91238610000005,0.3333333333333333,0,0.0238037736112784,0,0.0,0.0,0.0,0.0,0,0.05483993800475056
422000,398.9123861,0.3333333333333333,0,0.023747246204025206,0,0.0,0.0,0.0,0.0,0,0.05470998554502366
423000,399.9123861,0.3333333333333333,0,0.023690986634781964,0,0.0,0.0,0.0,0.0,0,0.05458064751773046
424000,400.9123861,0.3333333333333333,0,0.02363499300444382,0,0.0,0.0,0.0,0.0,0,0.05445191957547166
425000,401.91238610000005,0.3333333333333333,0,0.023579263431817724,0,0.0,0.0,0.0,0.0,0,0.054323797411764664
426000,402.9123861,0.3333333333333333,0,0.023523796053411747,0,0.0,0.0,0.0,0.0,0,0.054196276760563336
427000,403.91238610000005,0.3333333333333333,0,0.023468589023227373,0,0.0,0.0,0.0,0.0,0,0.054069353395784496
428000,404.9123861,0.3333333333333333,0,0.0234136405125547,0,0.0,0.0,0.0,0.0,0,0.053943023130841074
429000,405.9123861,0.3333333333333333,0,0.02335894870977052,0,0.0,0.0,0.0,0.0,0,0.053817281818181774
430000,406.91238610000005,0.3333333333333333,0,0.023304511820139234,0,0.0,0.0,0.0,0.0,0,0.05369212534883717
431000,407.91238610000005,0.3333333333333333,0,0.02325032806561651,0,0.0,0.0,0.0,0.0,0,0.053567549651972114
432000,408.91238610000005,0.3333333333333333,0,0.0231963956846557,0,0.0,0.0,0.0,0.0,0,0.053443550694444404
433000,409.9123861,0.3333333333333333,0,0.023142712932016953,0,0.0,0.0,0.0,0.0,0,0.05332012448036948
434000,410.91238610000005,0.3333333333333333,0,0.023089278078578943,0,0.0,0.0,0.0,0.0,0,0.05319726705069121
435000,411.91238610000005,0.3333333333333333,0,0.023036089411153232,0,0.0,0.0,0.0,0.0,0,0.05307497448275859
436000,412.9123861,0.3333333333333333,0,0.02298314523230115,0,0.0,0.0,0.0,0.0,0,0.05295324288990822
437000,413.9123861,0.3333333333333333,0,0.02293044386015325,0,0.0,0.0,0.0,0.0,0,0.0528320684210526
438000,414.9123861,0.3333333333333333,0,0.022877983628231183,0,0.0,0.0,0.0,0.0,0,0.05271144726027394
439000,415.9123861,0.3333333333333333,0,0.022825762885272067,0,0.0,0.0,0.0,0.0,0,0.05259137562642366
440000,416.9123861,0.3333333333333333,0,0.02277377999505522,0,0.0,0.0,0.0,0.0,0,0.052471849772727244
441000,417.9123861,0.3333333333333333,0,0.022722033336231257,0,0.0,0.0,0.0,0.0,0,0.05235286598639453
442000,418.91238610000005,0.3333333333333333,0,0.02267052130215353,0,0.0,0.0,0.0,0.0,0,0.05223442058823526
443000,419.9123861,0.3333333333333333,0,0.022619242300711842,0,0.0,0.0,0.0,0.0,0,0.05211650993227988
444000,420.9123861,0.3333333333333333,0,0.022568194754168425,0,0.0,0.0,0.0,0.0,0,0.051999130405405374
445000,421.91238610000005,0.3333333333333333,0,0.022517377098996105,0,0.0,0.0,0.0,0.0,0,0.05188227842696626
446000,422.9123861,0.3333333333333333,0,0.022466787785718687,0,0.0,0.0,0.0,0.0,0,0.05176595044843046
447000,423.91238610000005,0.3333333333333333,0,0.02241642527875347,0,0.0,0.0,0.0,0.0,0,0.051650142953020096
448000,424.9123861,0.3333333333333333,0,0.022366288056255856,0,0.0,0.0,0.0,0.0,0,0.051534852455357105
449000,425.9123861,0.3333333333333333,0,0.022316374609966074,0,0.0,0.0,0.0,0.0,0,0.05142007550111355
450000,426.9123861,0.3333333333333333,0,0.02226668344505793,0,0.0,0.0,0.0,0.0,0,0.05130580866666663
451000,427.91238610000005,0.3333333333333333,0,0.022217213079989577,0,0.0,0.0,0.0,0.0,0,0.05119204855875828
452000,428.9123861,0.3333333333333333,0,0.022167962046356276,0,0.0,0.0,0.0,0.0,0,0.05107879181415926
453000,429.9123861,0.3333333333333333,0,0.022118928888745098,0,0.0,0.0,0.0,0.0,0,0.05096603509933772
454000,430.9123861,0.3333333333333333,0,0.022070112164591572,0,0.0,0.0,0.0,0.0,0,0.05085377511013213
455000,431.91238610000005,0.3333333333333333,0,0.02202151044403821,0,0.0,0.0,0.0,0.0,0,0.05074200857142854
456000,432.9123861,0.3333333333333333,0,0.021973122309794882,0,0.0,0.0,0.0,0.0,0,0.05063073223684208
457000,433.91238610000005,0.3333333333333333,0,0.021924946357001075,0,0.0,0.0,0.0,0.0,0,0.0505199428884026
458000,434.91238610000005,0.3333333333333333,0,0.021876981193089912,0,0.0,0.0,0.0,0.0,0,0.05040963733624452
459000,435.9123861,0.3333333333333333,0,0.021829225437653983,0,0.0,0.0,0.0,0.0,0,0.05029981241830063
460000,436.9123861,0.3333333333333333,0,0.021781677722312914,0,0.0,0.0,0.0,0.0,0,0.050190464999999976
461000,437.9123861,0.3333333333333333,0,0.021734336690582664,0,0.0,0.0,0.0,0.0,0,0.05008159197396961
